B83049178,Hana Susanto,Jl. Sudirman No.51 Bandung,0825484478,79.5
B91849387,Dian Firmansyah,Jl. Imam Bonjol No.43 Bandung,0843702483,57.5
B86117587,Eka Kurniawan,Jl. Merdeka No.27 Surabaya,0843612609,81.0
B46501611,Indra Nugroho,Jl. Gatot Subroto No.32 Bandung,0843544568,78.2
B42792843,Joko Wijaya,Jl. Sudirman No.2 Bandung,0838069004,62.8
B49356159,Farhan Sari,Jl. Imam Bonjol No.55 Semarang,0856582327,63.0
B33197367,Dian Susanto,Jl. Imam Bonjol No.75 Jakarta,0815496877,47.2
B61169762,Joko Wijaya,Jl. Ahmad Yani No.60 Surabaya,0851889186,68.8
B84837896,Indra Sari,Jl. Sudirman No.84 Surabaya,0811069435,76.5
B37181429,Eka Wijaya,Jl. Gatot Subroto No.63 Semarang,0883954786,78.8
B13879376,Gita Firmansyah,Jl. Gatot Subroto No.62 Semarang,0816092499,84.8
B22191986,Adi Nugroho,Jl. Imam Bonjol No.66 Surabaya,0836263726,60.9
B37840028,Eka Sari,Jl. Gatot Subroto No.26 Yogyakarta,0828060286,45.2
B74764500,Indra Wijaya,Jl. Ahmad Yani No.1 Jakarta,0838626583,83.4
B11528751,Dian Firmansyah,Jl. Sudirman No.42 Jakarta,0867827401,48.0
B53364723,Dian Kurniawan,Jl. Merdeka No.7 Jakarta,0828254570,82.8
B41193888,Eka Pratama,Jl. Merdeka No.27 Jakarta,0852309644,86.7
B68226189,Citra Putri,Jl. Imam Bonjol No.94 Yogyakarta,0834022224,60.5
B18180304,Indra Wijaya,Jl. Ahmad Yani No.44 Surabaya,0896665609,53.7
B50295903,Joko Pratama,Jl. Ahmad Yani No.42 Bandung,0851060988,85.6
B67232967,Hana Nugroho,Jl. Gatot Subroto No.43 Semarang,0830164296,80.4
B59071748,Hana Firmansyah,Jl. Merdeka No.84 Surabaya,0883473375,73.5
B31494926,Hana Sari,Jl. Gatot Subroto No.19 Bandung,0881718900,46.6
B50089265,Gita Pratama,Jl. Ahmad Yani No.25 Jakarta,0898261509,89.4
B48925706,Farhan Sari,Jl. Ahmad Yani No.89 Semarang,0825421293,81.8
B41218438,Indra Susanto,Jl. Gatot Subroto No.93 Yogyakarta,0850971869,74.4
B88561575,Joko Nugroho,Jl. Ahmad Yani No.49 Yogyakarta,0830043466,53.0
B91478933,Joko Putri,Jl. Sudirman No.36 Jakarta,0853623578,50.3
B70232117,Gita Kurniawan,Jl. Imam Bonjol No.79 Semarang,0868177268,78.8
B90261520,Eka Sari,Jl. Sudirman No.17 Semarang,0832866437,54.4
B29794345,Adi Firmansyah,Jl. Ahmad Yani No.22 Yogyakarta,0831081494,86.4
B80724890,Tekad Matulatan,Jl. Merdeka No.34 Jakarta,0894190585,86.7
B14909011,Citra Wijaya,Jl. Sudirman No.5 Bandung,0853663653,60.6
B35026029,Budi Pratama,Jl. Merdeka No.2 Bandung,0878919611,78.6
B73159962,Dian Susanto,Jl. Merdeka No.1 Semarang,0812318349,62.3
B63979057,Farhan Susanto,Jl. Sudirman No.17 Bandung,0896538260,67.8
B37749476,Hana Pratama,Jl. Merdeka No.69 Semarang,0827687861,52.7
B56063440,Citra Kurniawan,Jl. Ahmad Yani No.73 Surabaya,0882450118,46.4
B32488896,Joko Nugroho,Jl. Imam Bonjol No.80 Yogyakarta,0887366417,47.0
B76815801,Dian Pratama,Jl. Ahmad Yani No.100 Bandung,0877083492,62.4
B17211483,Citra Firmansyah,Jl. Merdeka No.77 Surabaya,0830088790,87.7
B96801687,Budi Putri,Jl. Sudirman No.73 Surabaya,0820334696,85.2
B44122480,Dian Susanto,Jl. Sudirman No.16 Bandung,0865945383,69.4
B48134939,Farhan Kurniawan,Jl. Sudirman No.30 Jakarta,0877340491,81.3
B77885793,Dian Sari,Jl. Merdeka No.76 Jakarta,0843826200,87.4
B98945861,Adi Firmansyah,Jl. Gatot Subroto No.17 Semarang,0861796720,66.2
B42906243,Adi Kurniawan,Jl. Imam Bonjol No.4 Surabaya,0882588197,82.4
B47954452,Eka Kurniawan,Jl. Gatot Subroto No.76 Semarang,0813233091,73.1
B89063293,Indra Kurniawan,Jl. Ahmad Yani No.3 Surabaya,0859629032,87.1
B47465979,Joko Putri,Jl. Imam Bonjol No.76 Yogyakarta,0846698302,78.6
B22817912,Indra Sari,Jl. Gatot Subroto No.29 Bandung,0877961222,57.0
B78317575,Indra Firmansyah,Jl. Sudirman No.39 Semarang,0872131153,82.0
B63883817,Joko Pratama,Jl. Imam Bonjol No.91 Bandung,0884072798,69.5
B50553515,Adi Susanto,Jl. Merdeka No.18 Yogyakarta,0848985774,87.9
B26683327,Indra Wijaya,Jl. Ahmad Yani No.3 Bandung,0864792787,79.3
B44751155,Gita Pratama,Jl. Ahmad Yani No.40 Jakarta,0862929866,69.2
B55365772,Budi Putri,Jl. Sudirman No.67 Semarang,0828509464,78.8
B81557364,Farhan Kurniawan,Jl. Gatot Subroto No.2 Surabaya,0890829852,54.8
B19210808,Joko Sari,Jl. Ahmad Yani No.29 Semarang,0869736055,84.0
B99370042,Gita Wijaya,Jl. Ahmad Yani No.21 Semarang,0878164917,87.5
B66715730,Eka Sari,Jl. Ahmad Yani No.83 Yogyakarta,0878797691,73.7
B75465150,Hana Susanto,Jl. Sudirman No.78 Jakarta,0811141153,90.0
B75565050,Eka Pratama,Jl. Ahmad Yani No.19 Yogyakarta,0837402317,54.4
B51823262,Citra Susanto,Jl. Imam Bonjol No.88 Semarang,0888543971,75.6
B26433168,Indra Pratama,Jl. Gatot Subroto No.87 Surabaya,0854839775,53.9
B98135086,Dian Pratama,Jl. Merdeka No.54 Bandung,0837987781,46.6
B10755291,Eka Susanto,Jl. Ahmad Yani No.100 Bandung,0857844114,65.9
B29869349,Indra Susanto,Jl. Gatot Subroto No.93 Yogyakarta,0876107772,58.1
B23415861,Farhan Firmansyah,Jl. Gatot Subroto No.46 Yogyakarta,0868535556,62.2
B28168342,Indra Nugroho,Jl. Sudirman No.5 Surabaya,0883758919,49.4
B21378619,Joko Sari,Jl. Merdeka No.88 Yogyakarta,0839348118,84.1
B50506906,Dian Kurniawan,Jl. Merdeka No.21 Surabaya,0881565427,78.1
B88833206,Hana Sari,Jl. Sudirman No.6 Semarang,0887896916,57.3
B37105408,Joko Firmansyah,Jl. Imam Bonjol No.82 Bandung,0897583738,51.7
B86519252,Indra Wijaya,Jl. Merdeka No.32 Surabaya,0861875166,84.9
B97026636,Gita Kurniawan,Jl. Gatot Subroto No.70 Bandung,0898374068,67.2
B16233116,Adi Nugroho,Jl. Ahmad Yani No.8 Jakarta,0848747044,55.2
B24973431,Gita Nugroho,Jl. Ahmad Yani No.42 Surabaya,0863862318,72.5
B23129128,Hana Nugroho,Jl. Gatot Subroto No.8 Yogyakarta,0823073617,55.2
B75284794,Budi Kurniawan,Jl. Ahmad Yani No.64 Semarang,0861119367,52.4
B13205548,Farhan Kurniawan,Jl. Gatot Subroto No.15 Semarang,0840764443,66.4
B53941379,Joko Wijaya,Jl. Sudirman No.64 Jakarta,0879133221,46.0
B75083111,Dian Sari,Jl. Ahmad Yani No.28 Bandung,0897431192,52.9
B78745535,Hana Nugroho,Jl. Sudirman No.3 Yogyakarta,0879930281,67.7
B53357618,Farhan Pratama,Jl. Sudirman No.56 Semarang,0853942286,58.5
B58606879,Joko Sari,Jl. Merdeka No.82 Bandung,0852767840,76.4
B52793733,Adi Pratama,Jl. Gatot Subroto No.49 Yogyakarta,0819135726,86.7
B71851305,Budi Kurniawan,Jl. Sudirman No.29 Bandung,0836502906,70.7
B57839571,Joko Firmansyah,Jl. Gatot Subroto No.59 Bandung,0841692515,48.8
B25870536,Budi Susanto,Jl. Sudirman No.68 Surabaya,0869033564,66.5
B29548558,Indra Wijaya,Jl. Imam Bonjol No.59 Bandung,0820401425,58.3
B44307658,Dian Pratama,Jl. Sudirman No.61 Surabaya,0862496024,49.7
B82346326,Hana Susanto,Jl. Merdeka No.59 Semarang,0826818070,89.2
B70916145,Farhan Nugroho,Jl. Imam Bonjol No.23 Jakarta,0824469967,54.8
B38558949,Joko Firmansyah,Jl. Merdeka No.17 Jakarta,0852000697,81.9
B87437728,Dian Susanto,Jl. Sudirman No.42 Yogyakarta,0853001790,73.5
B34970352,Budi Firmansyah,Jl. Sudirman No.6 Yogyakarta,0851597467,67.8
B77322179,Gita Pratama,Jl. Imam Bonjol No.24 Semarang,0884629345,65.9
B66701786,Gita Susanto,Jl. Merdeka No.66 Bandung,0895274945,49.2
B90023087,Joko Nugroho,Jl. Merdeka No.19 Surabaya,0896867213,76.1